Name,Foster Type,Location,Link,Image,Children,Dogs,Cats,Home Alone,Activity,Breed,Gender,Age,Weight
Bangle and Barcelona,"
                                                        Core Foster
                                                    ",Medical Center,/pet-available-for-fostering/showdog/bangle-and-barcelona,https://d3opzdukpbxlns.cloudfront.net/11c52399-becb-46a2-b6cf-c14666c3f432/37d2c8d22bf74182b39517e7078a6c8f.thumbnail?response-content-disposition=inline%3B%20filename%2A%3DUTF-8%27%271640234688000.jpg&response-content-type=image%2Fjpeg&Expires=1640692800&Signature=JCm~8nJFtgtCQ9tWTMFrkQQccJYfwV1U3tcozqpqmWmFLGi1n1cSazEGEs8su6n2VD4A7wSl--lo1VBgi3oDztp8q4OQgL2UoOgWGyvbsBwyX~pvZdtkzgo5mdp2EvXJPl8z-CinQdI3kzkP3ogDAtv~GelMj2oZ~UAEBUNjzY47S25efWKXnO2EUErkyaziqJ7tWBdQrpYQ-lqIMzgBkuoo3ghocyPK1QrdaCuOkQsgzbIut4f~gUcW7FSlwl1R2eg9qKrPhSR~4MxYOOHcCYaowPTu1hw3qccDK-IMqDFiD8QITqBapIJo0PffQYovuzgDMNl9cfi6z~Qk3CrAqw__&Key-Pair-Id=APKAI33AGAEAYCXFBDTA,0.0,0.0,0.0,0.0,0.0,Mixed Breed (Medium),Female,4 Months,12.66lbs
Warwick,"
                                                        Core Foster
                                                    ",Medical Center,/pet-available-for-fostering/showdog/warwick,https://d3opzdukpbxlns.cloudfront.net/11c52399-becb-46a2-b6cf-c14666c3f432/57674ea80a4f463393640df961d2b9ff.thumbnail?response-content-disposition=inline%3B%20filename%2A%3DUTF-8%27%271640234691000.jpg&response-content-type=image%2Fjpeg&Expires=1640692800&Signature=TZWMhVVfixYi6JBMS1j~ThoWaq-Gp16SEI8nDoluTqhoLG978K3Aktw3KTEE5y16KyrkjSzYp9fcJ915ZTUXa8Qi6YwsaiTzdK5oVpAPPnaDtF1fNli9bZ9b8kCwACtESs24tb9Hjzv0JXMRwtB4Fb2bmVGm9siY7hfOvBCDgleBVTkcWU8RDE50BiWtKgpsTeDEHLDTpXpqe4LA-0B~U0dv0yIEQXgxMf5uj1ZWS1x6NuHmH73zfthEMJdjtp2G6A4Fpz5NOW2XHpbBvuktqbM-6RBTEad-5xPN5sZu3T17Z5RqO6TKPX0y9jPGaaT1XgKg3H4YlWTXXBoVwhvOIw__&Key-Pair-Id=APKAI33AGAEAYCXFBDTA,0.0,0.0,0.0,0.0,0.0,Shih Tzu,Male,5 Years,15.31lbs
Yolanda and Yoda,"
                                                        Core Foster
                                                    ",Medical Center,/pet-available-for-fostering/showdog/yolanda-and-yoda,https://d3opzdukpbxlns.cloudfront.net/11c52399-becb-46a2-b6cf-c14666c3f432/618e9efa6b134a6c91340454a25b9d09.thumbnail?response-content-disposition=inline%3B%20filename%2A%3DUTF-8%27%271640234688000.jpg&response-content-type=image%2Fjpeg&Expires=1640692800&Signature=fNB0b-1VXrEUZgbcldlM~wT820oMpTZqRa1y5T08XJZ-SZ5FEgFjmBc1RlMXLnSZjMzXkZWTlHbBBVl1cm5s5hPDh24RwuhXk-PdpNelDImkRrZz18uk9wVxzv04U~v9azFxtZYijQZ7yBp72mRiYJekJfDCmy50dU3st5MTp1rp5jDDVG~ZJI1ieE~w-jZfTrrTk4i1h~-tVbgpVMqiwasKGmhDAj70AIvwpU4T7Yb0C5dX~RhNudC2-ZMP1qU3QTvTK5-2xhfb~BuFAkxvWPJVuEY9wMBoNFMCnaGyp1dEp4Ko2GoXVmstb8XP7VphI002MHBr78iBUlEfAAJV9A__&Key-Pair-Id=APKAI33AGAEAYCXFBDTA,0.0,0.0,0.0,0.0,0.0,Mixed Breed (Medium),Female,2 Months,13.75lbs
Denzel,"
                                                        Core Foster
                                                    ",Medical Center,/pet-available-for-fostering/showdog/denzel,https://d3opzdukpbxlns.cloudfront.net/11c52399-becb-46a2-b6cf-c14666c3f432/84648fc7fa7146b395c8bc54844ed07c.thumbnail?response-content-disposition=inline%3B%20filename%2A%3DUTF-8%27%271640234687000.jpg&response-content-type=image%2Fjpeg&Expires=1640692800&Signature=Pbf2QnjBfDGzfvvZAUetl-nsCI5tltBOtgyN1xptEE~NugtGrtQiNnGVm5tjIl7PBG7PdfUy~7tLllc~FeM615jpUfGHemhIoocZTp9-EX27Re1zUcVuE5GIin5RqTzu1ssCkWndG35vboi~xF7lufY2QS7j8U7M7ZVSuAkMMqWFuzx0b5TyuHj1qtPSGa4qP1No6MoxRME0Pqmb3Rz0QKYR1TtSfeIvkCRKRXUa0ZFOT2uYhncaXYBILocii7oSC7YEloM0wjHiIxCQnaCfr7~qCpqcNAh~X69I~eZ~PTI0H-qVSdlW7THQ7hdbgl-jt8G4fvSJJE3xNVI-Xx8JIQ__&Key-Pair-Id=APKAI33AGAEAYCXFBDTA,0.0,0.0,0.0,0.0,0.0,Mixed Breed (Large),Male,4 Months,32.81lbs
Juniper,"
                                                        Core Foster
                                                    ",Medical Center,/pet-available-for-fostering/showdog/juniper-1,https://d3opzdukpbxlns.cloudfront.net/11c52399-becb-46a2-b6cf-c14666c3f432/8b3e890c0c1649f38ad6bd1aebe819d1.thumbnail?response-content-disposition=inline%3B%20filename%2A%3DUTF-8%27%271638666127000.jpg&response-content-type=image%2Fjpeg&Expires=1640692800&Signature=K1lpEkCRH3ll6uqBmp3xu-Ud-WDUKIgFXl2esL-sQdvOwrqvNvV6HhliOugz424kT34jpehMrTOyVDHSoGuCHE1pAYd7kMXfxZYCI6M8mUqaWX64W1oYVY0CbzkMHgocQXgaTt0Aa66wc9HEmtFmYwe~ZNAZdbtLdw9FsaoZJTQPmBY9dVddghWwKFvsv-7ry7Oy1XSep9x5I3LNpbjOH-zyWp5ncjdZMtZzTv56Phs0PAfDNmyYytj3lLn0u5NYDLeYW1s3TngxebmXneSdiF2dCWu4GONwmXcjql4S5A7Low2Naw7fJ8Pk5Sub-x070-OxUV9YswpSj583liAN8Q__&Key-Pair-Id=APKAI33AGAEAYCXFBDTA,0.0,0.0,0.0,0.0,0.0,Mixed Breed (Medium),Female,1 Year,49lbs
Neil,"
                                                        Advanced Foster
                                                    ",Lincoln Park Adoption Center,/pet-available-for-fostering/showdog/neil,https://d3opzdukpbxlns.cloudfront.net/11c52399-becb-46a2-b6cf-c14666c3f432/97840420bdb8459f908f5c3b98eb125f.thumbnail?response-content-disposition=inline%3B%20filename%2A%3DUTF-8%27%271634178031000.jpg&response-content-type=image%2Fjpeg&Expires=1640736000&Signature=IbicQ1Pngc7sfQcyGi-AMXB-mut6~O2lXdXRipc44rOy2jxhWzzKacLBheptXk6jAcVCj4ftRazDmwYBr3GQ8HShVcwIiH2HW8tJTdmo3s6UF5W8avyJcAoYVGIRoO9pr8~rRQSUBin0FrMceXzvcTpwZ5sruuucArFIAnSnOyHwuCxR8Bs3S2ap7OUB40gV5cXnedS8hkOMVA0f121gFUBqNZDH0GGxGqQ2EnecNwmlY56k9HuEcuvvNT1gEogTD4Z2bs1mPpqvTcACdnKp5TpwNgK2U1v~98Py4iLQxvEr480vRXrW4rn-ex6jceJ9QzVHEdgpLgn4RAY-PH01qA__&Key-Pair-Id=APKAI33AGAEAYCXFBDTA,1.0,3.0,4.0,1.0,3.0,"Beagle, None",Male,5 Years,58.13lbs
Mary Kate,"
                                                        Advanced Foster
                                                    ",Foster Home,/pet-available-for-fostering/showdog/mary-kate-1,https://d3opzdukpbxlns.cloudfront.net/11c52399-becb-46a2-b6cf-c14666c3f432/ab3abfb2e56e44a492f5b8d3f36f2979.thumbnail?response-content-disposition=inline%3B%20filename%2A%3DUTF-8%27%271636410291000.jpg&response-content-type=image%2Fjpeg&Expires=1640736000&Signature=VAHnkaZ8dM42S3z6NexrQ19t30ogf9ApKeSatOh2PEO9Eb-XABde4oyEon86CFXQq~DC-rQRHWkxN5q81HmhkAuk8Y9NPXiLqYCAd4bkTmS7WSaxvYRuVaV9j3iNrgrss5FqdOKgBhB1Q5f4kl2Vrf2Wg0lPQqzdkx2ex5UUZiq5DAyaMXHgF2pqRWjms-LsWwlUsh5CuOsUJyVwRJ9uBy1oViN9ii5Sf2jYtLBjoB2JNN3q0-J3TKfGR1YqV98MVE-uou5rTNnIGxH7ER113GZ7mI6yMQib1699hRho33KggsI6~1FFg2LNLfW2GN4FaOqEPfZE0SDpfYDkjf0nCw__&Key-Pair-Id=APKAI33AGAEAYCXFBDTA,1.0,1.0,1.0,4.0,4.0,"Terrier, Mix",Female,1 Year,44.6lbs
Alabaster,"
                                                        Advanced Foster
                                                    ",Lincoln Park Adoption Center,/pet-available-for-fostering/showdog/alabaster,https://d3opzdukpbxlns.cloudfront.net/11c52399-becb-46a2-b6cf-c14666c3f432/c233af4e5b504dda8c6ebe78263f05ad.thumbnail?response-content-disposition=inline%3B%20filename%2A%3DUTF-8%27%271636127487000.jpg&response-content-type=image%2Fjpeg&Expires=1640736000&Signature=cDuA5EkuZUTLPd~BAURK-vFNxoZVNIqzo37svwLHrRAiCLYE2G7b7aRxBtZurYevEl7AW78DrZ-gYN8ozv7q7XKkc5jDe35wr5BYEhuLv2F4nnC8D48uNI7XtZyOqVEjF3q1vLB-ZClWA2HOxJS13j~O2RpFAh~n6ALWgzEZ5RhpvufH7yQYrLA-aAZRciRQZ9M14ip1wRt3ZoNZjXfDgB7svumSjlRnTXmZoGnMLfuJO2Ios8WikPPs4NoFUWRLEjMxXGzNsch~w~fgCh7wCT6Tc0~wawt-7IhjZ7AfpY00PxCB90~D6GwsXWA8dIuyqYlY1n5oXDZNtLxLqa9iHA__&Key-Pair-Id=APKAI33AGAEAYCXFBDTA,2.0,2.0,1.0,4.0,4.0,Mixed Breed (Large),Male,4 Years,80.25lbs
Pez,"
                                                        Advanced Foster
                                                    ",Foster Home,/pet-available-for-fostering/showdog/pez,https://d3opzdukpbxlns.cloudfront.net/11c52399-becb-46a2-b6cf-c14666c3f432/69be25303886461b984eb9316468b36e.thumbnail?response-content-disposition=inline%3B%20filename%2A%3DUTF-8%27%271630424099000.jpg&response-content-type=image%2Fjpeg&Expires=1640736000&Signature=B9N6v4luREPaSteK~IFe6VxNt~eB8N0HO9QIbZcU351hfoNfU-F7eg386GBQ~YzKFaNKJfz820x5aFef9TftHUUGYY8wgViK9NwQ8LbXXpp2EiPEmagKStowyTaMy7IdRoJP0HHsY96mFUN1ijGeHNwWk-5TxWvwymhOlh3kovMqnvardDhUNIn0QV54IZKvIm3IdgY-u0Nkp1eqveEvLL1o4tglEiuq40KsvIJqu5C7NoIdxa3e-7KIjCaSNKE9PGB6AYshP8gEyPwfO5pNt8TpGr0swaOtKYOrO9HZioylg5osqmPQzZn0T8Te~jYFPefs6emB-ZvarDsoeSR22A__&Key-Pair-Id=APKAI33AGAEAYCXFBDTA,1.0,3.0,0.0,3.0,3.0,"Terrier, Mix",Male,3 Years,12.2lbs
Delia,"
                                                        Advanced Foster
                                                    ",Lincoln Park Adoption Center,/pet-available-for-fostering/showdog/delia,https://d3opzdukpbxlns.cloudfront.net/11c52399-becb-46a2-b6cf-c14666c3f432/af33f27f1e734a6ea44c52f825bb9196.thumbnail?response-content-disposition=inline%3B%20filename%2A%3DUTF-8%27%271639775196000.jpg&response-content-type=image%2Fjpeg&Expires=1640736000&Signature=N7SrEDV0Cq8xq9cx-ZL148wOggAvP885ZrIL9ALn~rnuXfuJO~GAWlkuKiFBQeFjQsLAQ3Mco252EF92h9~-Q~FCr3b16znWc8yxCRBj4Uqb7vqEfixNEwiyljZvNkgmn~Dbso~adqeGZ79K2f9yeFjlqlKsdAvXJqadNznlxLYaqEdoN-qIeVNpa9huvvzYv874VOZ-s9W3Y1Mm1j2lL9hGq0w3PaPYvxfoDuPovpe6cAJIFSAt0QrF4KTya3j4Iatb0YIDA4EXn~Y7DcRgLqBXKpfcD5ukItsB-F2xICr~X5LDJS4A4maEWEKJMxyY2jW4vRCNePdtvAnqWq~g-A__&Key-Pair-Id=APKAI33AGAEAYCXFBDTA,2.0,2.0,2.0,2.0,4.0,"Pinscher, Doberman, Retriever, Labrador",Female,1 Year,59.13lbs
Bella,"
                                                        Advanced Foster
                                                    ",Foster Home,/pet-available-for-fostering/showdog/bella,https://d3opzdukpbxlns.cloudfront.net/11c52399-becb-46a2-b6cf-c14666c3f432/2b4847d30745404f82d126d88eceb9e6.thumbnail?response-content-disposition=inline%3B%20filename%2A%3DUTF-8%27%271631563041000.jpg&response-content-type=image%2Fjpeg&Expires=1640736000&Signature=ArawabvqbPJXLyWlGgUIbo6gkTIpQAwoJZxLiNCeUn8dmb1J~4iV-0pBsu-uph0FOXhLPwe7IV4rV~r-aDoTUYOqTyJEjAPq0CuJQzFcAfi5HnRNiS9zyikhonWer~qKm0R3155I-y~mNpjPCoN8hkXqCeDQmFV2m7KjFjAHiPHiivAyaQ6wAP4ej5mI0lcZOyB18ucW6QwnAmCirR630NxPYvM11drlGBtVWy5bL1fXvwjBAZNKGxE1YTaBOXKJyCQpIz9lVM8~CrjauwwYM~ir17bJqM2QY3QN1yOYA1bY1l7Pncv2MK6sGJkKXrkZ5dLlH7QvoG7IZRy7NgNI0Q__&Key-Pair-Id=APKAI33AGAEAYCXFBDTA,1.0,1.0,1.0,4.0,4.0,"Terrier, American Staffordshire, Mix",Female,3 Years,46.25lbs
Tolouse,"
                                                        Advanced Foster
                                                    ",Lincoln Park Adoption Center,/pet-available-for-fostering/showdog/tolouse,https://d3opzdukpbxlns.cloudfront.net/11c52399-becb-46a2-b6cf-c14666c3f432/6ed89e4ecbb44592bbbc20363580ffe3.thumbnail?response-content-disposition=inline%3B%20filename%2A%3DUTF-8%27%271620929033000.jpg&response-content-type=image%2Fjpeg&Expires=1640736000&Signature=WFVL28nlTO98-HG3z3LjfF5XVcenmMniPWqjPsav3n5U3wWBOpc5yUEJVa4rv1BNE29kVJdY4krbUgDBWb1-GqIClbzga5y3Tm2x58TVjPx4oFQk1FZk37U4uYnXbsJxjtfLiXU-ftIUTaP3V5W-I2MGe8vIafdhVs2SRP2-sIZaYBCfXnpXfw65rYSYwYSLZqBZ4xe3T8lh6wh52tcZjDv~FE-8EgBSyBX5ycQMETD-vMTuLRwdJnNGdPuXP0pwjUN8YgUxE0SQGpVSnjlheYku~3sDL2dO~SufPiF5yrEXh9q3LDE-IQ4BJUBmUaFG7WdVF2GM8kso28Q7fRJELg__&Key-Pair-Id=APKAI33AGAEAYCXFBDTA,1.0,1.0,3.0,3.0,3.0,Shepherd Mix,Female,5 Years,41.2lbs
Sandy,"
                                                        Advanced Foster
                                                    ",Lincoln Park Adoption Center,/pet-available-for-fostering/showdog/sandy-1,https://d3opzdukpbxlns.cloudfront.net/11c52399-becb-46a2-b6cf-c14666c3f432/10d248aa64144b86899c6875f291aa78.thumbnail?response-content-disposition=inline%3B%20filename%2A%3DUTF-8%27%271623164644000.jpg&response-content-type=image%2Fjpeg&Expires=1640736000&Signature=N34EWbM1HM7IBGef1g3fnqydRKI5qt50FN~bQLun05itJBva6H2d1vvnYvJyZBRrjUqQ7tit9F9at03~mSFA4Q9Zc5r-iSyJ5bzhuV9Jc7wo~N00AMpGUNd2wrIu5bOjp~lfb5wRHrHYsa8LPdW3RXq9fqYMgKmih-Qkgx5nHAIUqlNMDj8Frfm1hrgcj0f49~NUg~hA1-LvKSUU1i35U42bh9MFyvFr~pF55zFLGBF9~onHLYdiZ454TMK3Rv8ToD1SJANpVTva-ef48dXbP8fQEIH6uT7N3~Uwd6NZ7gSJSdV9jKjmhSLehpK2oEXM3YDfhWUqcKMOYpYOdSFK7g__&Key-Pair-Id=APKAI33AGAEAYCXFBDTA,1.0,3.0,1.0,2.0,4.0,Mixed Breed,Female,2 Years,48lbs
Tobias,"
                                                        Advanced Foster
                                                    ",Foster Home,/pet-available-for-fostering/showdog/tobias,https://d3opzdukpbxlns.cloudfront.net/11c52399-becb-46a2-b6cf-c14666c3f432/549b8f5a783347af8dad95c9bde0ecf1.thumbnail?response-content-disposition=inline%3B%20filename%2A%3DUTF-8%27%271637359866000.jpg&response-content-type=image%2Fjpeg&Expires=1640736000&Signature=b6cG86OCTEgqcA6J-1weDwjZAI45ZkCxyz1ckzVd6USK4zrgkNUVkC9vawSXGhtaDNpoKzzB3W1ZIK8VxkHQvXEaRiMoJziVAjHst7gxlceJWzQ~1sobE81q--C0Cb4qB9dRABdwotguye76pnrcBZVc8PPJPvUX4sqkrTLgnBxYBz4fNnsRcIt095nH9FFiV1pzU4D3mq5Y7zldpPtfPHO0f7aZf0VpqedmchU-BEEULhCBY5SLxhAqZuna0MYRyktqq1t4OKVv2-NbFjJw-~mDrXAZ3ogEps3Mr0Xz~jWKCACl-Ka1bRiGyhaMKdlPIA4eWIrSwqmiv3kzqfOYUw__&Key-Pair-Id=APKAI33AGAEAYCXFBDTA,1.0,1.0,1.0,3.0,4.0,"Shepherd, Australian, Catahoula Leopard Dog",Male,1 Year,68.13lbs
Hinley,"
                                                        Advanced Foster
                                                    ",Lincoln Park Adoption Center,/pet-available-for-fostering/showdog/hinley,https://d3opzdukpbxlns.cloudfront.net/11c52399-becb-46a2-b6cf-c14666c3f432/06c3ae62e368418e9f26b1547c27e3d6.thumbnail?response-content-disposition=inline%3B%20filename%2A%3DUTF-8%27%271633388777000.jpg&response-content-type=image%2Fjpeg&Expires=1640736000&Signature=X16TY2htMQj9KPhhayYzMqTsRn7mBf0RIFV~jLnyk-SIEGaVZlfL9-32N-kks1UrYAr5skweaUlqzg5DZ~yomh-YLMxSAOgaPRuK67t7FZ8nvm2ozuFJT9E4IfvMkhYILCkcgC-4JO2iB5nNdTSDQT9zt3v4vnWkiyvKIEh5ACZTd9C~xkkY747rWl8qt~7tkltP5WetbnlPTKTkPYAT6VpexA7INEDcVNjfPXQgqK1qdr5TMfMkBA0YA-ElkRWxMNOAqxrQN5n5qMh8AmEpxxOgC8d7K0lsGj0vENUFIrFjAHSp0fbDRHPL2VIvGECb9x0CpdQ9oWOj3n7ZtBaQig__&Key-Pair-Id=APKAI33AGAEAYCXFBDTA,1.0,1.0,1.0,3.0,4.0,"Boxer, Shepherd",Male,4 Years,87.25lbs
Cobbler,"
                                                        Advanced Foster
                                                    ",Lincoln Park Adoption Center,/pet-available-for-fostering/showdog/cobbler,https://d3opzdukpbxlns.cloudfront.net/11c52399-becb-46a2-b6cf-c14666c3f432/7a75c365cf4842e09280be68c82863a3.thumbnail?response-content-disposition=inline%3B%20filename%2A%3DUTF-8%27%271634152968000.jpg&response-content-type=image%2Fjpeg&Expires=1640736000&Signature=QTKh1H5lwRez3epCsOI0qCIJdrRq9V2IVebfk2EjaGPLnckc-WaGstWoT~cR4ubYUXSo~dE-Eo0OKn9nwsRc56FSyJwpXtvu41pTmS-w2IcGJVTvIW5BqqAmVFOnrgA0t856LMuDOQpB0g6kLP7GI3eD03oCLgdljTq~sp2YfAEpE441C8bfqbVfoH2WUucO6qvM7~jHDFq3iVMFZDuFuUI1pV3dgsgin5tuvNmgV2FDdyAJMsG7yyfGpzUS1QnI8KnwREW~w9hvs~nlZAM5CCKf8LCcFhQXvJbi8ILn0-bGud3fY-GrM2anmIgUqr700aY6tkggVdxRPBvM9W8qAw__&Key-Pair-Id=APKAI33AGAEAYCXFBDTA,1.0,1.0,1.0,3.0,4.0,"Hound, Mix",Male,1 Year,42.6lbs
Finch,"
                                                        Advanced Foster
                                                    ",Lincoln Park Adoption Center,/pet-available-for-fostering/showdog/finch,https://d3opzdukpbxlns.cloudfront.net/11c52399-becb-46a2-b6cf-c14666c3f432/91d0375158aa4e1da91a0ab0558460f4.thumbnail?response-content-disposition=inline%3B%20filename%2A%3DUTF-8%27%271628271141000.jpg&response-content-type=image%2Fjpeg&Expires=1640736000&Signature=TsKKMHuatUpb8Yi5So8pWSiXlJp6UahXXYkDVYNBbsETi1JEVDngtnFscIT0--MjNho0eiWHpAYTyhp3XnJFOVceVPDIH5likwv8025ePJ2~4XCF4TpzhScU8UUUUWb1ALHR77GaXZ67GXtDZqRFS-xqLmuFzNPI9obcRcvdAAlah61mnviExz6FdQGWfGZTzRwPC30y4iGlTEnMpd6EUu2PdgXIefHCdcyzUMvQ9jYmH6GMYa5KhKWwV8W5DL592tDDPoLE8sg6UGSj7w-eyp0KNjaKlduTr7MAWHo68eK~plUxnwkWuBBP0H21OC2JZj-evKKew5~EPOuLLAcmPg__&Key-Pair-Id=APKAI33AGAEAYCXFBDTA,1.0,3.0,3.0,1.0,3.0,"American Blue Heeler, Mix",Male,4 Years,64.8lbs
Snow,"
                                                        Advanced Foster
                                                    ",Lincoln Park Adoption Center,/pet-available-for-fostering/showdog/snow-1,https://d3opzdukpbxlns.cloudfront.net/11c52399-becb-46a2-b6cf-c14666c3f432/a7e71f9ad2464c6492b2243afcfa40ab.thumbnail?response-content-disposition=inline%3B%20filename%2A%3DUTF-8%27%271634671654000.jpg&response-content-type=image%2Fjpeg&Expires=1640736000&Signature=WUpajZWTfTdNSMCXxG9p9q0PmqcdOsNERFqdiFghFlIYyqjH41Lt~crc3YNggYODhHbcoKIDDFPncSS4UcArDbob9qZRY66fmrirW4VJamiQAX0ttJ2NcVzRR6NhuRAxDxVhrXNYX-Brs~pQxzEmWFRvQQMpvjPidusgIMX9gH0p7VHAf2MSJKbO-bjM1bcg~gLGOR6L~XbMBLax4YarXpSQ7vllC4wd3cv1PXqZl2kTprrYkiNzjnJlCUWRrW4PXO81EthznHh8ElvLRNX2rM7eONVihtg~8qP98U8-TiSCRS-axNj4a-qnYCSuv5IwmPYld9j6g-sL~O5Ukwqgrg__&Key-Pair-Id=APKAI33AGAEAYCXFBDTA,1.0,4.0,0.0,4.0,4.0,"Terrier, American Pit Bull, Mix",Female,3 Years,45.6lbs
Molly,"
                                                        Core Foster
                                                    ",Medical Center,/pet-available-for-fostering/showdog/molly-1,https://d3opzdukpbxlns.cloudfront.net/11c52399-becb-46a2-b6cf-c14666c3f432/f30ae8df74f949ff94bcdc15f51d1af5.thumbnail?response-content-disposition=inline%3B%20filename%2A%3DUTF-8%27%271628794157000.jpg&response-content-type=image%2Fjpeg&Expires=1640736000&Signature=EzZ2E5odzYE5kZPYb1ZdZ3MNb0Th79TP3emI6NuaCd-T08C6jnrab5S8n-gvO8xGD~eg~0b~o6mmftI~yG9apOuPTMSw~57GcjIptKemFd7Nz1r4nn1GKJtsaxURDEbB4tKQSxskubQFPLEn4yjLRrxWfHe~9yXv7F-8m~W-KMOWNxB5c0MyTEeuplgU2KKya18y7eiqd-OfriqRDFvdNSJpbobiHRsCbn0ZWHkbynsuLJjmyZALEa1HzCSAJFvAWj9FxzQBR6Ji~5f6WFOZkjWw33~GhBFB5bgNS0L1M5xsWPb2QNBu3Icx7I55JT5ETsNe6TQh~SliVN7ANqUFpQ__&Key-Pair-Id=APKAI33AGAEAYCXFBDTA,0.0,0.0,0.0,0.0,0.0,Unknown,Female,4 Years,55.94lbs
Roxy,"
                                                        Advanced Foster
                                                    ",Lincoln Park Adoption Center,/pet-available-for-fostering/showdog/roxy,https://d3opzdukpbxlns.cloudfront.net/11c52399-becb-46a2-b6cf-c14666c3f432/59782959b1174c97beafe692acc2f251.thumbnail?response-content-disposition=inline%3B%20filename%2A%3DUTF-8%27%271634780238000.jpg&response-content-type=image%2Fjpeg&Expires=1640736000&Signature=XVIskkg8oK4e8JnWwoNBT2-~rsCPf3rVnhIuWr7wM-mE~idD-ypILOTDsC8-ti5CIG57pGfrqo8z5aNWZFB~YEHEJCHv3o3ow1LsvKUbnJqyq2j3tNxSGfnatwJqEgf3zbc3IkEdRybF~OsaRYm9l7lVm72VqluiO31V0LwHcFssbyeX1SLa4rd070O5sbp7-Y-YHtYosjDPtcQu1eZY-TKyrZILaQydNjVPkiRvtuNgvrPZRSVCM7RYo7j2QEIRtQsZfDIZDB1nFvC2z9Zj8KXvG2gXi3Mr1i6oHtp-Jpwum6vZ4aLR59AsanAcXe0CMlFekIYavuiKmbkSGaEt-w__&Key-Pair-Id=APKAI33AGAEAYCXFBDTA,1.0,3.0,0.0,3.0,4.0,"Terrier, American Pit Bull, Mix",Female,4 Years,58.8lbs
Tigger,"
                                                        Advanced Foster
                                                    ",Lincoln Park Adoption Center,/pet-available-for-fostering/showdog/tigger-1,https://d3opzdukpbxlns.cloudfront.net/11c52399-becb-46a2-b6cf-c14666c3f432/fadc9928071c4121973432494646c8a7.thumbnail?response-content-disposition=inline%3B%20filename%2A%3DUTF-8%27%271639263581000.jpg&response-content-type=image%2Fjpeg&Expires=1640736000&Signature=FVUk-BnNFlm3drM0barFQXON2FfT2SI-By19dUmparZ9yECYcUPRKLohYV-rVEGcQfcUQM98pc8LMXBplMLRbUs55lKoIuygJQDj5nV4oq3RM4QWDuV6xEtHE-msIwsqcbXp5l-QNLplJo9wwRSjzrz32fJwsgpMt4Ie3jbyCsF3ZQmncIC1LsHtVFSXpHqEIv2aiGbNPVycKJkotE8xgk54ZnwnPyTl784qsW0V0g6fI8dgAIa9ModbkY1t7PQYrVnITejeiE7oBmpWRDrZeUp1zR3g8ty~nrXowVn8vb5KrjD9MwoiwROylNebWu9Ti9cBIMsKsafOdszIMA35AA__&Key-Pair-Id=APKAI33AGAEAYCXFBDTA,1.0,3.0,1.0,3.0,4.0,Mixed Breed (Large),Male,4 Months,15.25lbs
Katara,"
                                                        Advanced Foster
                                                    ",Foster Home,/pet-available-for-fostering/showdog/katara,https://d3opzdukpbxlns.cloudfront.net/11c52399-becb-46a2-b6cf-c14666c3f432/dc8a08f44be6403aa93cfdcf39ba7952.thumbnail?response-content-disposition=inline%3B%20filename%2A%3DUTF-8%27%271634142727000.jpg&response-content-type=image%2Fjpeg&Expires=1640736000&Signature=cjkxgleylkWjvoHzG3mKOokSIKQScvtqgcfkjSZUPlP~QIPF9pcXI-eq1Tjm0CV2dzG9tRauBYEMpVNLsIwEIjubw68afakIC8sVEmYJKhkcwIrloXuH0ji1m~OsWBrLOXKrndNf4cWZ4SxlH-1zzIIIr7wrbkHDKJ4Lv1Jen5nmnMpLbwb3m-qoJYRGp1W1~Q6euFmtDKdoamNYlIeADYz-RC9Fn-jG6B9KT-QcFwjy8uZYw1VvwCnCx6lnca1flobCPMbkXJytpLc3qRz9msTK1ZM1r6R0coInJ0KRT3j1-uBNVdZP8titiLZBsdGvgMRVD~fj5cTXPj9t7uQ06g__&Key-Pair-Id=APKAI33AGAEAYCXFBDTA,1.0,1.0,1.0,5.0,3.0,"Terrier, Pit Bull",Female,5 Years,66.8lbs
Suki and Sidney,"
                                                        Core Foster
                                                    ",Medical Center,/pet-available-for-fostering/showdog/suki-and-sidney,https://d3opzdukpbxlns.cloudfront.net/11c52399-becb-46a2-b6cf-c14666c3f432/7b1d16e28f754b5c9d9b5a666c14f594.thumbnail?response-content-disposition=inline%3B%20filename%2A%3DUTF-8%27%271640234691000.jpg&response-content-type=image%2Fjpeg&Expires=1640692800&Signature=M05pVTgF2VT-Dul2OhRYLwyJFNFNsPxuuyCctVycBdNvkSnocI8EpyIH0Auxttl~4kjHH2cNFuMlLXxKYaAPfNyqme2byL23CA51M9-2kUB~VpL4OJ9KscsWGs~2VNWLKWxHmOZO272jFveZvYmymk4NCIUjegdeaBmemCXN74pVLR5CI2TfggugWTONdpErsCj0g5WL1CD0fB9fWRuP7FRVJqUrf1FBbBISuneezld3OArubkXIheHiZoHqkoZtjptV3aUS5jufPL-RopBQ4h9fUquV6UmkEYm9gzU65u2b3XnO-ElPL-I5BJ1~v7x5udy~h9rQvQMHmawAhw9abA__&Key-Pair-Id=APKAI33AGAEAYCXFBDTA,0.0,0.0,0.0,0.0,0.0,Mixed Breed (Medium),Female,4 Months,20.1lbs
Starly,"
                                                        Core Foster
                                                    ",Medical Center,/pet-available-for-fostering/showdog/starly-1,https://d3opzdukpbxlns.cloudfront.net/11c52399-becb-46a2-b6cf-c14666c3f432/57a983230dd64c24b9b4a7b8cf29ef9f.thumbnail?response-content-disposition=inline%3B%20filename%2A%3DUTF-8%27%271639354010000.jpg&response-content-type=image%2Fjpeg&Expires=1640692800&Signature=PAHEhQJQ-0q5zcjOXwD6i2w1w5Wu7FKQGrdutHaWufDIEwaoHZ1~D2-b1BsvVcHA3gYp517N1NmXw~SXUjSB5hjpPn5ONpTFIhsb-9bD8gfcVhJsmmbd6179gNo~oSgjCCFFu~iXbmvPTEULXrFoBW3WyXeKWMmM3VO8NnGNjl5Ew2kV45ax1KkYD3Qf-CZBl6JksYqQvJ-BQ-EtquPLe7wrhW-KYNdgyOIdMPasoFdYKFl3C5lV-4O60cn76Cy~rjbLUoAswZLLQJ-ixzq3qY6cQ9XQRUtn-AemhS8GAskpDwVlc7b1tnmQM5VwnISFuAqVH7I-WuttULBM9mLi3g__&Key-Pair-Id=APKAI33AGAEAYCXFBDTA,0.0,0.0,0.0,0.0,0.0,Mixed Breed (Medium),Female,4 Months,15.5lbs
Luke,"
                                                        Core Foster
                                                    ",Medical Center,/pet-available-for-fostering/showdog/luke,https://d3opzdukpbxlns.cloudfront.net/11c52399-becb-46a2-b6cf-c14666c3f432/d953848fbc5941fdb24ea753138e1936.thumbnail?response-content-disposition=inline%3B%20filename%2A%3DUTF-8%27%271639354009000.jpg&response-content-type=image%2Fjpeg&Expires=1640692800&Signature=Ck2T0LCZWGWT~h6rs9Ziz2ACmHhV1IkVmL5Y6-wwBOdW23Cvhrk8uUp~8Cm7afsEi8XekvXAS~y6P9Y7jSEpdtKAKN89aSdhwoGWXwgDAmE67K7p1Yuq3drGJu0cmGlI88LSXvImR84JgOfxS98KNfDAvyfI5iwiYOdzjV1WlH7GfpFQ~zJr5taFGa3oIQz0UDA3q~KfPM5idqePstiMI-ggg8~xvlNnMsm8nV86k-tDLB1TeFU1vRQEktn3KSbBWrBWg6XzasOMI8j4z2DJUXCWepYxzNUExNuMyg~ypHorilFq1FZZs7pMNXHWxy6q-lTjGwmNZZ7EwbTMgA4NtA__&Key-Pair-Id=APKAI33AGAEAYCXFBDTA,0.0,0.0,0.0,0.0,0.0,Mixed Breed (Medium),Male,3 Years,48.94lbs
Don Pedro,"
                                                        Core Foster
                                                    ",Medical Center,/pet-available-for-fostering/showdog/don-pedro,https://d3opzdukpbxlns.cloudfront.net/11c52399-becb-46a2-b6cf-c14666c3f432/13bcf550eb7b4ea690ab9df35ff5b129.thumbnail?response-content-disposition=inline%3B%20filename%2A%3DUTF-8%27%271637898987000.jpg&response-content-type=image%2Fjpeg&Expires=1640692800&Signature=YaZRgalFJYg93BxbyHjWDCcju9ntUJuq8hF7cF7nOl0NXde69NiGFWL4BhqAUEklGjQ60l8qbGElH2TYZXoKui6CCNssFttDIhvYKQ~FdRAraVS7-4UZnzKxvJXFafxagSXCp7hMEEGpuBGr2SR0P2xxbz1lAUUAyRh0spmCRxOKUCx59lmzHCbRr7IUhGxh7R3KPfuqIKTOdoIhNIvoxVWbWE-1tCF1VbOFDXCjJW-35yzYTf3nR3XHhqWOnPW94zrtYipalOgcCu271bTDN9yNGX9FAxt2wv~cbEkpeMaYMLNCW-2KPrEkiJNYubH2TYu62bRxhvV7aKt1enXFgQ__&Key-Pair-Id=APKAI33AGAEAYCXFBDTA,0.0,0.0,0.0,0.0,0.0,Mixed Breed (Medium),Male,6 Months,30.94lbs
Newton,"
                                                        Core Foster
                                                    ",Lincoln Park Adoption Center,/pet-available-for-fostering/showdog/newton,https://d3opzdukpbxlns.cloudfront.net/11c52399-becb-46a2-b6cf-c14666c3f432/8b5ff950921348848cd1e1491ffcf00f.thumbnail?response-content-disposition=inline%3B%20filename%2A%3DUTF-8%27%271637162508000.jpg&response-content-type=image%2Fjpeg&Expires=1640736000&Signature=PVR64PmjqOHsyYnAeIP4tKPt7hoebcc4V1Mx7ikjcCgND1mt5kY~O1LZ~VbOpS7HN8Szj1au0q7ki5ZO53T9IGNi4d1sp6JA7TFKgV5hXche0APmEPU2d4dVZ43iLelpTNi4DJVLVSNX6NyOKKdTF6xvG-40Ot3aH97AWpmc~uDeFle3V7gRxXO6Rshgg5MgAOIAttDLGhrM~lBDaerCbPgPaW7RD9~CEQI~ZNTBB9zn5kM0Uooj51W-2UH2nyvgaPIqemCslnMJbtFpXfd952W3S68XaZOoePvXybibwKBa0gfgyrRNXWcTbmpOt7L41uVdNHXMhNLYc6n6n8Dl1g__&Key-Pair-Id=APKAI33AGAEAYCXFBDTA,2.0,3.0,0.0,3.0,4.0,Mixed Breed (Medium),Male,1 Year,46.8lbs
